username,password_encrypted,email
abdullah,BkqnjD+v6on2zhkIqiUJs+IZey2mSrVEhGEqkvgoBVKgB7c=,abd@gmail.com
mohammad,YY2buqCLYoZR3gXUGExgFiFmpiCzNhPky3cXZEfR0H7UJUM=,mohammad123@gmail.com
zayed,PvlI+KFndhG2OyPAXgTSF1ZOVQWX31RAhuwsY3OECp91,zayed5556@gmail.com
ali,J6L4x2JY0Hy8gtvh6a3x+9Mp9YSC4QLgj7K4BHMmtFEq0spyh8W0,alimail11@gmail.com
ahmed,xlp5tFHnuV8p5Wg1uv98WtKbFSflNKVpR/q4zM/jfpbyFIoenA==,ahmed55444@gmail.com
fatima,oA/za98pBHFXOCMcYcA3g4PinheDTTO1qSZzx/U+OWx7kPxOFEk=,fatima123@gmail.com
sarah,38pb4sxLoRLlwlhO1tNyBOEvUe228ReSB0S5q11lsxxg3XFFTw==,sarah7778@gmail.com
judy,XX3FFUm2twRWUJCUfVm05BNAxKfLVRIoBuUy+5aaXd+8LrvwvCw=,judy2222@gmail.com
frank,71JLiptAkkxQZoRC1Is+88jdU30duTMFvhdCrf94RlwmCezIsRbi/UT+,frankyyy122@gmail.com
eve,OLcgFESp+D9iWnwKLo8k5PMm6G9OAArW+ln0OT6RSVU5gBc04Z6Esw==,eve99998@gmail.com
